SNP_Value,P_value,Significant_value,Corrected_p_value
snp0,0.5226195818628596,false,false
snp1,0.07921675720726586,false,false
snp2,0.11342247427109624,false,false
snp3,0.47816087401252927,false,false
snp4,0.4283943605232577,false,false
snp5,0.9999999993517306,false,false
snp6,0.9842055668292147,false,false
snp7,2.1104730607051852e-13,true,true
snp8,0.4002248540242751,false,false
snp9,0.2245667292420435,false,false
snp10,0.9999999999999981,false,false
snp11,0.1251370212637427,false,false
snp12,0.42743486069020586,false,false
snp13,0.9999999999979039,false,false
snp14,0.9770669317882822,false,false
snp15,8.178917286523233e-27,true,true
snp16,0.5695106503267416,false,false
snp17,0.9977670911025665,false,false
snp18,0.2746907211783848,false,false
snp19,0.9999999998696796,false,false
snp20,0.5780671776585183,false,false
snp21,0.9991944854272452,false,false
snp22,0.011077910608409824,false,false
snp23,1.841121586280935e-07,false,false
snp24,0.9999239763908636,false,false
snp25,0.8888833543481651,false,false
snp26,0.3432300334239297,false,false
snp27,0.6374338671587112,false,false
snp28,0.012964079825642445,false,false
snp29,0.1351056844646854,false,false
snp30,6.598929017082162e-18,true,true
snp31,0.19242592780619613,false,false
snp32,1.447546866016748e-09,true,false
snp33,0.009118480314200829,false,false
snp34,0.36505968506415953,false,false
snp35,0.2425227264747192,false,false
snp36,0.0006390235451884636,false,false
snp37,0.9922726072809126,false,false
snp38,0.03258002386157676,false,false
snp39,2.6353453333091498e-05,false,false
snp40,0.9999999994916411,false,false
snp41,0.23249693856664788,false,false
snp42,4.1536307090573064e-07,false,false
snp43,8.912285401475625e-08,false,false
snp44,0.9999999999973002,false,false
snp45,0.999998763816711,false,false
snp46,0.08906701510357243,false,false
snp47,0.040454060909143816,false,false
snp48,0.9999979517833152,false,false
snp49,0.9995677698991264,false,false
snp50,1.0,false,false
snp51,0.004444484248372146,false,false
snp52,0.9999999726689687,false,false
snp53,0.4235973933241598,false,false
snp54,0.5225908473633258,false,false
snp55,3.671537402796179e-19,true,true
snp56,0.0001931056985333757,false,false
snp57,0.7477003949960204,false,false
snp58,0.046739686217216386,false,false
snp59,0.9996302488242128,false,false
snp60,5.0201178792254544e-17,true,true
snp61,0.8457895331596427,false,false
snp62,0.24147316813889338,false,false
snp63,0.7974327709980228,false,false
snp64,0.5863627860664956,false,false
snp65,0.025075688921082452,false,false
snp66,1.5138809466044528e-08,true,false
snp67,0.8199213006028044,false,false
snp68,9.220397531134717e-13,true,true
snp69,0.9970406409387226,false,false
snp70,0.6168616310361993,false,false
snp71,6.826611241065228e-06,false,false
snp72,0.046739686217216386,false,false
snp73,2.1674862908599884e-13,true,true
snp74,0.9990369047704394,false,false
snp75,0.9971530236622934,false,false
snp76,1.735224599766888e-19,true,true
snp77,0.7388966483577133,false,false
snp78,0.99999998572675,false,false
snp79,0.9814850462021636,false,false
snp80,0.13626509034470402,false,false
snp81,0.0003928585560549645,false,false
snp82,0.047274484927626044,false,false
snp83,0.6991950046512114,false,false
snp84,4.637941714578327e-09,true,false
snp85,0.9750701021165202,false,false
snp86,0.00016362981096183554,false,false
snp87,0.6799075360321643,false,false
snp88,0.9823020721756481,false,false
snp89,0.8670448997527409,false,false
snp90,1.3316325664418345e-17,true,true
snp91,0.9999999999999943,false,false
snp92,0.9886329282302436,false,false
snp93,0.0002537325168169662,false,false
snp94,0.00028491909059911644,false,false
snp95,0.8637661474656105,false,false
snp96,0.05744587771064465,false,false
snp97,0.000956429113909656,false,false
snp98,1.0,false,false
snp99,1.0,false,false
snp100,0.9997386684861064,false,false
snp101,0.8836630443801293,false,false
snp102,2.9205193205950266e-09,true,false
snp103,0.9999999989790549,false,false
snp104,0.9999999290086566,false,false
snp105,0.7016890976859926,false,false
snp106,0.001969773781499099,false,false
snp107,2.0596710477933982e-08,true,false
snp108,0.014036760630688358,false,false
snp109,1.0277129427547662e-09,true,false
snp110,5.05490846656829e-05,false,false
snp111,0.09044497925405535,false,false
snp112,1.0,false,false
snp113,0.937153603174027,false,false
snp114,0.9999999917573824,false,false
snp115,0.9848349529204049,false,false
snp116,3.000423754421112e-13,true,true
snp117,0.9993441539817138,false,false
snp118,0.034717951703431386,false,false
snp119,3.256602847401536e-08,true,false
snp120,0.004896191427424205,false,false
snp121,0.5218487892941149,false,false
snp122,6.393343023361824e-15,true,true
snp123,0.9990646290854228,false,false
snp124,0.9999997834880044,false,false
snp125,0.9999999688836751,false,false
snp126,1.0,false,false
snp127,0.9999494509153343,false,false
snp128,0.9999999999998382,false,false
snp129,0.07906452266784897,false,false
snp130,0.9989657427134092,false,false
snp131,0.15113371086572175,false,false
snp132,0.9999999999999177,false,false
snp133,0.9998657078906645,false,false
snp134,5.155372229906848e-07,false,false
snp135,0.7100791057044478,false,false
snp136,6.995056995024864e-14,true,true
snp137,5.271255090947063e-13,true,true
snp138,0.001518487316680363,false,false
snp139,0.1025842164002939,false,false
snp140,0.0003206858952063586,false,false
snp141,1.0,false,false
snp142,0.0009203671049286604,false,false
snp143,0.0008260162582108783,false,false
snp144,0.02903761436238942,false,false
snp145,0.9938404026727286,false,false
snp146,5.632677072636794e-15,true,true
snp147,0.016857434121546125,false,false
snp148,1.1931117012202523e-19,true,true
snp149,1.0,false,false
snp150,0.22498454868623846,false,false
snp151,2.119645607061734e-09,true,false
snp152,0.30143988272521044,false,false
snp153,0.4726298891599715,false,false
snp154,1.0134120861827831e-07,false,false
snp155,0.8383272666242766,false,false
snp156,1.0,false,false
snp157,0.9401905844739317,false,false
snp158,7.18087754646491e-29,true,true
snp159,0.9999999835046495,false,false
snp160,0.522375204589147,false,false
snp161,0.9999999999900736,false,false
snp162,0.3406617535020579,false,false
snp163,0.9999987166063176,false,false
snp164,1.0,false,false
snp165,1.0,false,false
snp166,0.00018594553261856736,false,false
snp167,0.11699555827578716,false,false
snp168,0.18439814197969318,false,false
snp169,1.5138809466044528e-08,true,false
snp170,0.9918544463565752,false,false
snp171,0.9999999835046495,false,false
snp172,0.9999989601446866,false,false
snp173,4.9040350512801323e-08,true,false
snp174,0.00033435939049824805,false,false
snp175,0.9999999914047358,false,false
snp176,0.05361082614560896,false,false
snp177,0.4092846723346887,false,false
snp178,5.244543883525319e-05,false,false
snp179,8.494578206786674e-11,true,false
snp180,0.034940110508385205,false,false
snp181,0.0003172737630057545,false,false
snp182,1.0196820328961731e-16,true,true
snp183,0.7741945487749682,false,false
snp184,2.6998286458997213e-12,true,true
snp185,0.023013773749987174,false,false
snp186,0.9971520839861797,false,false
snp187,0.9968929851649686,false,false
snp188,0.042778954979617735,false,false
snp189,1.7820470738454268e-07,false,false
snp190,0.8410976284449069,false,false
snp191,0.012094800834990406,false,false
snp192,0.9574902658473496,false,false
snp193,1.841121586280935e-07,false,false
snp194,0.001518487316680363,false,false
snp195,0.9999870053326416,false,false
snp196,1.0,false,false
snp197,0.6247244866299735,false,false
snp198,1.0,false,false
snp199,0.9814850462021636,false,false
snp200,0.9999999989790549,false,false
snp201,0.9999998043845735,false,false
snp202,0.0023187165896252767,false,false
snp203,0.006381161969873435,false,false
snp204,0.9999999999999938,false,false
snp205,8.12890992127849e-08,false,false
snp206,0.9746794039295548,false,false
snp207,0.9999999943265637,false,false
snp208,0.07568590713758293,false,false
snp209,0.9957208434711609,false,false
snp210,0.7974327709980228,false,false
snp211,0.9995677698991264,false,false
snp212,0.9999999996522526,false,false
snp213,0.00033804106603751907,false,false
snp214,2.2042477289731043e-22,true,true
snp215,0.999108576278005,false,false
snp216,0.09941807407204119,false,false
snp217,2.552687535820631e-05,false,false
snp218,0.9999999999997833,false,false
snp219,0.036423298742246625,false,false
snp220,0.99782952277214,false,false
snp221,0.9999994499433327,false,false
snp222,0.2835775739703539,false,false
snp223,0.999498348295888,false,false
snp224,0.027040937909752573,false,false
snp225,0.7317853283807421,false,false
snp226,1.0,false,false
snp227,0.5345954473312738,false,false
snp228,1.3586748509889317e-10,true,false
snp229,0.9999999993517306,false,false
snp230,0.0029943541237846,false,false
snp231,1.841121586280935e-07,false,false
snp232,0.9984399592717162,false,false
snp233,0.8876646673707557,false,false
snp234,0.6135969200415718,false,false
snp235,0.011929497310150052,false,false
snp236,0.999999999999987,false,false
snp237,1.4844836277523357e-16,true,true
snp238,0.8430927042008493,false,false
snp239,4.065907250422198e-05,false,false
snp240,0.7445003624785033,false,false
snp241,0.9455728280613438,false,false
snp242,3.051959111810251e-11,true,true
snp243,0.2610994844649445,false,false
snp244,0.9987779663131982,false,false
snp245,0.017905023627908367,false,false
snp246,4.810866238131516e-09,true,false
snp247,0.0017715706622709298,false,false
snp248,5.822185121060924e-07,false,false
snp249,0.03241178122988748,false,false
snp250,1.0854505799554113e-08,true,false
snp251,0.9999998158878414,false,false
snp252,0.008576398163076749,false,false
snp253,0.9268949769614004,false,false
snp254,0.00017271170524069655,false,false
snp255,0.9997040784691418,false,false
snp256,1.0,false,false
snp257,0.00047078981032677594,false,false
snp258,2.7233624663077843e-15,true,true
snp259,1.0758154971305664e-09,true,false
snp260,0.867777586469355,false,false
snp261,1.8703574029896695e-09,true,false
snp262,0.90801396719324,false,false
snp263,0.948634732781066,false,false
snp264,0.04111726702656231,false,false
snp265,0.21457831663978635,false,false
snp266,0.9999999999998527,false,false
snp267,0.999999999999997,false,false
snp268,0.9646033077601747,false,false
snp269,0.999999999737741,false,false
snp270,0.9999999999999803,false,false
snp271,0.5225908473633258,false,false
snp272,5.9231252712508355e-09,true,false
snp273,0.03241178122988748,false,false
snp274,0.0016376952733769808,false,false
snp275,4.746128855094066e-06,false,false
snp276,0.5695106503267416,false,false
snp277,0.06773351454577041,false,false
snp278,0.9999999999361775,false,false
snp279,1.2424792354355813e-14,true,true
snp280,0.42632648999441713,false,false
snp281,0.9999999856687456,false,false
snp282,1.0,false,false
snp283,0.9109329848964276,false,false
snp284,0.002926676696428882,false,false
snp285,0.13623385253438944,false,false
snp286,0.0002769693167014965,false,false
snp287,0.0003603038898086443,false,false
snp288,0.9946609409136195,false,false
snp289,0.7326082509854663,false,false
snp290,0.9999999999999997,false,false
snp291,3.64300887069644e-26,true,true
snp292,0.12172678013990344,false,false
snp293,3.47747374741147e-10,true,false
snp294,0.9865007572290876,false,false
snp295,0.9999999999999234,false,false
snp296,0.9999955077995105,false,false
snp297,0.000106148620627197,false,false
snp298,0.9999999420678334,false,false
snp299,0.9999977888568115,false,false
snp300,0.9455728280613438,false,false
snp301,1.0,false,false
snp302,0.9999999990882289,false,false
snp303,5.131171689449276e-08,false,false
snp304,1.1966844508447905e-21,true,true
snp305,4.349292048927053e-05,false,false
snp306,7.2026514806783114e-06,false,false
snp307,1.8718814377043286e-06,false,false
snp308,0.9996271851542743,false,false
snp309,1.0,false,false
snp310,9.840607511845932e-19,true,true
snp311,0.9951583425368977,false,false
snp312,1.2335230896505027e-20,true,true
snp313,0.2065056690412946,false,false
snp314,0.9862422225021882,false,false
snp315,0.9991705446286269,false,false
snp316,5.1046713668025234e-09,true,false
snp317,0.117775805857349,false,false
snp318,0.9999999997517328,false,false
snp319,7.403736838606624e-07,false,false
snp320,0.9999999999999687,false,false
snp321,1.6594319226371147e-10,true,false
snp322,2.6702191082137357e-26,true,true
snp323,1.0,false,false
snp324,0.9266019096972467,false,false
snp325,0.0001836386096814173,false,false
snp326,0.9993688618894373,false,false
snp327,0.9999999999998382,false,false
snp328,1.1230569986509377e-27,true,true
snp329,2.1186846575646352e-10,true,false
snp330,2.6430267276421474e-14,true,true
snp331,0.9581649335977361,false,false
snp332,0.012914145054876341,false,false
snp333,6.228321925240294e-07,false,false
snp334,0.9999942194211018,false,false
snp335,0.8637661474656105,false,false
snp336,0.9995928042593855,false,false
snp337,0.9999996972741428,false,false
snp338,0.2907405595077207,false,false
snp339,2.687083915307161e-19,true,true
snp340,0.9998623014516644,false,false
snp341,1.030568930605451e-06,false,false
snp342,0.034088853802016275,false,false
snp343,0.00015419178695834173,false,false
snp344,0.9999999726689687,false,false
snp345,0.9915054294115,false,false
snp346,4.738636115903758e-09,true,false
snp347,0.046188774472754275,false,false
snp348,0.5699446086180862,false,false
snp349,0.9999999999999332,false,false
snp350,0.8566733882172777,false,false
snp351,0.9997912503736085,false,false
snp352,0.9989652276179739,false,false
snp353,4.702954748774547e-13,true,true
snp354,0.9997150809094009,false,false
snp355,0.9999998389000556,false,false
snp356,3.1409349404777045e-06,false,false
snp357,0.633542536588685,false,false
snp358,0.6182415434602614,false,false
snp359,0.9999999997366505,false,false
snp360,3.2003680613049107e-09,true,false
snp361,7.259509781050807e-06,false,false
snp362,0.4782563487110121,false,false
snp363,1.536573837333023e-07,false,false
snp364,0.9999999999999996,false,false
snp365,0.9999979517833152,false,false
snp366,0.9999999811803114,false,false
snp367,0.015931082636214944,false,false
snp368,0.9960567147730052,false,false
snp369,7.834751898390179e-21,true,true
snp370,1.273532958356055e-09,true,false
snp371,0.9999999864857246,false,false
snp372,0.9999334410127487,false,false
snp373,0.0008260162582108783,false,false
snp374,0.9999692434476786,false,false
snp375,7.994126658277487e-12,true,true
snp376,1.0,false,false
snp377,0.17014806103720626,false,false
snp378,0.05623408646517676,false,false
snp379,1.915651584446731e-11,true,true
snp380,1.5704181530097186e-16,true,true
snp381,1.0,false,false
snp382,3.286307764600937e-05,false,false
snp383,0.999999999999868,false,false
snp384,0.8675390455381631,false,false
snp385,0.12487931180905035,false,false
snp386,1.0,false,false
snp387,0.8069476249326928,false,false
snp388,0.9999998612738706,false,false
snp389,0.47773948361749674,false,false
snp390,0.9999529712305231,false,false
snp391,9.062431379310294e-10,true,false
snp392,2.4906244820639876e-10,true,false
snp393,0.9999999994649102,false,false
snp394,1.3527807780877604e-22,true,true
snp395,0.9999825532061175,false,false
snp396,0.9516995556414029,false,false
snp397,0.633542536588685,false,false
snp398,0.9999994086206999,false,false
snp399,1.0,false,false
snp400,5.442216993507727e-22,true,true
snp401,0.9997102723787558,false,false
snp402,0.07422301040761879,false,false
snp403,0.9999999996690753,false,false
snp404,0.13516381370444147,false,false
snp405,0.0001519744044857579,false,false
snp406,4.6272356010049787e-07,false,false
snp407,0.9912227394965196,false,false
snp408,7.723382256003804e-27,true,true
snp409,0.9999999864857246,false,false
snp410,8.573874755600817e-12,true,true
snp411,0.008766533321657829,false,false
snp412,0.929698031458763,false,false
snp413,0.6946033846548089,false,false
snp414,1.0,false,false
snp415,0.2554996375214968,false,false
snp416,0.10749645493411374,false,false
snp417,0.07422301040761879,false,false
snp418,0.22636942358392054,false,false
snp419,0.026281005828569008,false,false
snp420,8.394744142042901e-19,true,true
snp421,1.0,false,false
snp422,0.9998779225538322,false,false
snp423,0.9935966584072274,false,false
snp424,3.0954927075394694e-28,true,true
snp425,0.994432101448508,false,false
snp426,0.03315347726071096,false,false
snp427,0.9994399879321496,false,false
snp428,0.05268118494195298,false,false
snp429,0.9762928500012305,false,false
snp430,0.08036494472700094,false,false
snp431,4.502523771694463e-18,true,true
snp432,1.0,false,false
snp433,0.9999999999791521,false,false
snp434,0.4315463391009525,false,false
snp435,0.9999997834880044,false,false
snp436,0.9999999988272943,false,false
snp437,0.9955870439582097,false,false
snp438,0.011501965539399838,false,false
snp439,0.9999756159327253,false,false
snp440,0.9993441539817138,false,false
snp441,0.06480596240625577,false,false
snp442,0.9820130362388223,false,false
snp443,0.9931940730779097,false,false
snp444,0.019787708674858972,false,false
snp445,0.9969063667307843,false,false
snp446,0.9998779225538322,false,false
snp447,0.3181571147986487,false,false
snp448,0.9990950943640108,false,false
snp449,4.492200489444671e-06,false,false
snp450,1.3699360818715902e-31,true,true
snp451,0.34098422654220756,false,false
snp452,0.4259016809200116,false,false
snp453,0.9986804207192492,false,false
snp454,0.034601306005404495,false,false
snp455,0.0016480499058883083,false,false
snp456,0.45866929722772326,false,false
snp457,0.024974265996867216,false,false
snp458,0.009182086349809025,false,false
snp459,1.0,false,false
snp460,5.349576399996073e-08,false,false
snp461,0.9436396967366459,false,false
snp462,1.7647063850860088e-06,false,false
snp463,0.9999999998746208,false,false
snp464,0.00010295345274537189,false,false
snp465,0.6567699665760702,false,false
snp466,0.06934231336494971,false,false
snp467,0.9997644756184269,false,false
snp468,0.16057364840004476,false,false
snp469,0.9999286587910264,false,false
snp470,0.9674199761384232,false,false
snp471,0.9993035636623384,false,false
snp472,0.9999999999579507,false,false
snp473,0.9303335645205253,false,false
snp474,0.00015419178695834173,false,false
snp475,0.9998623014516644,false,false
snp476,0.09119799488653295,false,false
snp477,0.9274896058362817,false,false
snp478,0.9999999439360032,false,false
snp479,0.9652820482965686,false,false
snp480,1.0,false,false
snp481,0.9994023593550722,false,false
snp482,8.911429138610115e-11,true,false
snp483,1.3088642851546727e-26,true,true
snp484,0.005234457845112083,false,false
snp485,0.9999999568063097,false,false
snp486,5.5733350033311785e-06,false,false
snp487,0.9999999999992252,false,false
snp488,1.0,false,false
snp489,0.9982763561379177,false,false
snp490,0.9999999999643088,false,false
snp491,0.999992603151131,false,false
snp492,5.407142412841698e-06,false,false
snp493,0.6567267020057794,false,false
snp494,4.288574135671462e-09,true,false
snp495,0.9999971772504072,false,false
snp496,0.9999999982362606,false,false
snp497,0.9999973657716998,false,false
snp498,4.502204643990243e-29,true,true
snp499,6.9760781797620345e-28,true,true
snp500,0.19730903583602208,false,false
snp501,0.9992474098731212,false,false
snp502,0.9999999975498085,false,false
snp503,0.01635514317908139,false,false
snp504,1.0,false,false
snp505,4.502523771694463e-18,true,true
snp506,0.9999999994649102,false,false
snp507,0.9999999999970051,false,false
snp508,1.0,false,false
snp509,1.0,false,false
snp510,0.000106148620627197,false,false
snp511,0.6472652262066885,false,false
snp512,0.002197991629647,false,false
snp513,0.0019198901138109876,false,false
snp514,0.9959202077223703,false,false
snp515,0.0005892028927030694,false,false
snp516,2.2903482826497705e-14,true,true
snp517,1.0,false,false
snp518,0.8432103516931074,false,false
snp519,0.004828017860563812,false,false
snp520,1.6807468477070091e-06,false,false
snp521,0.29707666201619853,false,false
snp522,1.5251398251942408e-17,true,true
snp523,0.5225908473633258,false,false
snp524,0.999999999999987,false,false
snp525,0.9999999976085178,false,false
snp526,4.711692598246619e-30,true,true
snp527,0.9998363701890381,false,false
snp528,2.6998286458997213e-12,true,true
snp529,0.9999884058382408,false,false
snp530,0.9999999999999861,false,false
snp531,0.9999999999361775,false,false
snp532,0.9999957191980724,false,false
snp533,8.12890992127849e-08,false,false
snp534,0.9902246050963943,false,false
snp535,0.9998551970258728,false,false
snp536,0.32447528160993094,false,false
snp537,1.0356233504560578e-07,false,false
snp538,0.019787708674858972,false,false
snp539,2.098595264262151e-14,true,true
snp540,0.13777793449666806,false,false
snp541,1.0,false,false
snp542,4.702954748774547e-13,true,true
snp543,0.8488662891342782,false,false
snp544,0.7741237427053494,false,false
snp545,0.9999999847169677,false,false
snp546,2.8685387364737833e-06,false,false
snp547,0.028422191178802327,false,false
snp548,1.0,false,false
snp549,1.0,false,false
snp550,5.7781892897360614e-08,false,false
snp551,0.20597322312826907,false,false
snp552,1.1184779177793054e-21,true,true
snp553,1.4658846466063748e-09,true,false
snp554,0.8867803530064098,false,false
snp555,8.375048975871247e-28,true,true
snp556,0.9999999992930543,false,false
snp557,0.00011961262059313358,false,false
snp558,4.59395450375792e-07,false,false
snp559,7.892540597602537e-05,false,false
snp560,4.4400448115490405e-12,true,true
snp561,0.43005539138191384,false,false
snp562,0.5707827623434265,false,false
snp563,0.5686969516456937,false,false
snp564,0.9999999999998105,false,false
snp565,0.9999847014161856,false,false
snp566,0.999999503723634,false,false
snp567,1.0,false,false
snp568,2.1907456778899066e-12,true,true
snp569,0.9999202911874729,false,false
snp570,0.09375150577774997,false,false
snp571,0.9991680665616112,false,false
snp572,1.5474077422225927e-17,true,true
snp573,0.9999999994298412,false,false
snp574,0.04559043177198548,false,false
snp575,0.0423446265027607,false,false
snp576,0.9996759341890358,false,false
snp577,0.2899208942955521,false,false
snp578,7.614727414228279e-10,true,false
snp579,0.9574666481189447,false,false
snp580,0.8548199073825722,false,false
snp581,0.0009353709145771644,false,false
snp582,2.0262170448273426e-06,false,false
snp583,0.006805926922090293,false,false
snp584,0.09123862526813444,false,false
snp585,1.7734701889721403e-21,true,true
snp586,9.200454662514734e-13,true,true
snp587,0.01798696376117769,false,false
snp588,0.9999999964065494,false,false
snp589,0.9999993771678075,false,false
snp590,0.9842055668292147,false,false
snp591,1.9702271551470116e-29,true,true
snp592,0.058491274409824615,false,false
snp593,0.2589772409994559,false,false
snp594,5.09615781574313e-05,false,false
snp595,0.328378321061957,false,false
snp596,0.1631673080207726,false,false
snp597,0.9982763561379177,false,false
snp598,1.0689399309953687e-11,true,true
snp599,0.9166222046897182,false,false
snp600,4.676134903656299e-22,true,true
snp601,1.1222477685506934e-12,true,true
snp602,5.132000412811727e-14,true,true
snp603,0.999888193308595,false,false
snp604,0.0013910053643707348,false,false
snp605,0.9746713303771288,false,false
snp606,1.0,false,false
snp607,0.9999911273093374,false,false
snp608,0.0002462934443531768,false,false
snp609,0.004535950724033911,false,false
snp610,0.012313963841378507,false,false
snp611,0.9920925200029096,false,false
snp612,6.7906265637655125e-06,false,false
snp613,0.9109329848964276,false,false
snp614,0.9145711998484956,false,false
snp615,0.5239608174352826,false,false
snp616,1.0,false,false
snp617,0.00019114388628798458,false,false
snp618,1.0,false,false
snp619,0.9924233948539738,false,false
snp620,0.9309403610229181,false,false
snp621,0.9999940076918888,false,false
snp622,0.9999990604913843,false,false
snp623,0.5997751459757248,false,false
snp624,0.22492028351680945,false,false
snp625,0.902447350891071,false,false
snp626,4.154637023628951e-05,false,false
snp627,0.9058406182373361,false,false
snp628,0.9999870643552323,false,false
snp629,0.9999999999999534,false,false
snp630,0.05361082614560896,false,false
snp631,0.47345963236999056,false,false
snp632,1.5119378307839904e-05,false,false
snp633,0.8830044417242129,false,false
snp634,0.9108080193336503,false,false
snp635,0.0005317715474265664,false,false
snp636,0.3817584565397386,false,false
snp637,0.9873218951068681,false,false
snp638,1.0,false,false
snp639,0.07063967490103847,false,false
snp640,0.6991950046512114,false,false
snp641,0.8659818470216294,false,false
snp642,0.9973535946810113,false,false
snp643,2.361755965919518e-09,true,false
snp644,0.01695065567805018,false,false
snp645,0.01611828745707218,false,false
snp646,1.0,false,false
snp647,0.9999999999999987,false,false
snp648,2.6225897743782784e-10,true,false
snp649,0.9997091881944826,false,false
snp650,1.1837727297754574e-19,true,true
snp651,1.0,false,false
snp652,0.9999878517638991,false,false
snp653,0.9988080694422502,false,false
snp654,8.745274934137824e-22,true,true
snp655,0.9999748340036888,false,false
snp656,3.490358662446464e-12,true,true
snp657,0.8661808865687988,false,false
snp658,0.9980949209926385,false,false
snp659,0.9999999999999923,false,false
snp660,1.0,false,false
snp661,0.8432103516931074,false,false
snp662,0.5695106503267416,false,false
snp663,0.04559043177198548,false,false
snp664,0.1351056844646854,false,false
snp665,0.9999996914553797,false,false
snp666,0.07921675720726586,false,false
snp667,0.9635767012577534,false,false
snp668,0.0006726870776277667,false,false
snp669,0.9990177521340436,false,false
snp670,8.573874755600817e-12,true,true
snp671,0.90801396719324,false,false
snp672,0.9996656406095018,false,false
snp673,0.9983050733676541,false,false
snp674,0.47697579676223345,false,false
snp675,0.3002325190593984,false,false
snp676,3.3085257711489925e-17,true,true
snp677,0.8394263515999553,false,false
snp678,0.045999727253925496,false,false
snp679,0.0006953003693273758,false,false
snp680,0.13246095446183692,false,false
snp681,0.9997837260016403,false,false
snp682,3.622110422607e-12,true,true
snp683,1.7415198539220561e-09,true,false
snp684,0.9999998386959379,false,false
snp685,0.1616727333757234,false,false
snp686,0.9999999696092458,false,false
snp687,0.24561856993006997,false,false
snp688,1.0,false,false
snp689,6.826611241065228e-06,false,false
snp690,0.5683181320470911,false,false
snp691,0.9999979062883997,false,false
snp692,6.826611241065228e-06,false,false
snp693,2.6998286458997213e-12,true,true
snp694,0.03873539155772309,false,false
snp695,0.9044252862231997,false,false
snp696,0.9999164331842726,false,false
snp697,0.7379781342273408,false,false
snp698,1.5283032266815778e-08,true,false
snp699,0.10620248963608332,false,false
snp700,0.0592850756244913,false,false
snp701,0.9999999999993056,false,false
snp702,0.00043113002852492765,false,false
snp703,0.9999985140206553,false,false
snp704,2.2860834136370142e-23,true,true
snp705,0.19501936454179372,false,false
snp706,0.00012207744616775194,false,false
snp707,0.9996619589339625,false,false
snp708,0.0003172737630057545,false,false
snp709,1.0,false,false
snp710,0.9985921851792825,false,false
snp711,2.1104730607051852e-13,true,true
snp712,1.0,false,false
snp713,1.0,false,false
snp714,0.9983155969160679,false,false
snp715,0.1932977918179695,false,false
snp716,1.2056273101039443e-11,true,true
snp717,9.158854449831332e-10,true,false
snp718,1.0,false,false
snp719,1.4278643941546711e-12,true,true
snp720,0.999999896437665,false,false
snp721,0.046822740946834654,false,false
snp722,3.6711884529919266e-12,true,true
snp723,6.240218485906225e-14,true,true
snp724,0.0006774593645411015,false,false
snp725,3.64300887069644e-26,true,true
snp726,2.5391169163120723e-18,true,true
snp727,0.9107942455457045,false,false
snp728,0.13884548856425868,false,false
snp729,1.0,false,false
snp730,0.9999999999957426,false,false
snp731,0.9999955615057409,false,false
snp732,1.0333704472905927e-07,false,false
snp733,0.38515664517118864,false,false
snp734,0.9999999764936098,false,false
snp735,0.9988885291184036,false,false
snp736,4.909262737137667e-21,true,true
snp737,0.9999532085156081,false,false
snp738,0.9986916043439202,false,false
snp739,1.0,false,false
snp740,0.9999222021080422,false,false
snp741,0.07428690491570814,false,false
snp742,0.0002462934443531768,false,false
snp743,0.9999958601965256,false,false
snp744,0.11111664565183486,false,false
snp745,0.99993592649899,false,false
snp746,0.5239608174352826,false,false
snp747,1.830869201252553e-08,true,false
snp748,0.9999970797914585,false,false
snp749,0.009691987467583893,false,false
snp750,0.9990229512161837,false,false
snp751,1.6845701871659245e-09,true,false
snp752,2.206142337159101e-13,true,true
snp753,0.9999999999250831,false,false
snp754,0.00015419178695834173,false,false
snp755,0.9585977096605344,false,false
snp756,0.9999998966629553,false,false
snp757,1.0,false,false
snp758,0.04489780731662571,false,false
snp759,0.0045509017387359695,false,false
snp760,0.042509734152650386,false,false
snp761,8.51343812133218e-21,true,true
snp762,0.9999994678723214,false,false
snp763,0.9979553515993475,false,false
snp764,4.1713399538550426e-08,true,false
snp765,0.999999991436301,false,false
snp766,6.412506119339062e-13,true,true
snp767,0.9999999999999997,false,false
snp768,0.9999999848611906,false,false
snp769,6.909969463444057e-08,false,false
snp770,1.0,false,false
snp771,0.4756034436422719,false,false
snp772,0.16740748307134312,false,false
snp773,0.9955555157516278,false,false
snp774,0.9583151218259419,false,false
snp775,0.9999999999222853,false,false
snp776,3.565568629349628e-06,false,false
snp777,0.9988246829319911,false,false
snp778,9.580851963844932e-11,true,false
snp779,0.9999999999999609,false,false
snp780,0.9999995030946596,false,false
snp781,0.0001604510362860078,false,false
snp782,7.387214000451732e-16,true,true
snp783,0.9999957191980724,false,false
snp784,0.000106148620627197,false,false
snp785,0.8782732198600967,false,false
snp786,0.9999999999999998,false,false
snp787,7.711051468562248e-12,true,true
snp788,2.0606131617473438e-08,true,false
snp789,0.09182954660598083,false,false
snp790,0.9917431151009389,false,false
snp791,0.43048934967325836,false,false
snp792,0.6472652262066885,false,false
snp793,0.3863166873770436,false,false
snp794,4.6378812701498196e-05,false,false
snp795,0.9998094483999772,false,false
snp796,0.05980941552606836,false,false
snp797,2.4845169891962775e-37,true,true
snp798,0.6716216789380429,false,false
snp799,0.01606804948368197,false,false
snp800,0.9999999973700024,false,false
snp801,1.0,false,false
snp802,0.9999982046257463,false,false
snp803,0.9999804823145142,false,false
snp804,1.352416821464086e-18,true,true
snp805,0.8876646673707557,false,false
snp806,0.013929861236189412,false,false
snp807,7.969850557912124e-27,true,true
snp808,0.048884893294311255,false,false
snp809,0.13355997814048137,false,false
snp810,0.99999999520395,false,false
snp811,7.711051468562248e-12,true,true
snp812,2.459486946317513e-10,true,false
snp813,0.999999989145088,false,false
snp814,6.652047481472684e-31,true,true
snp815,0.9311140374563749,false,false
snp816,2.7119138268029842e-15,true,true
snp817,0.9955870439582097,false,false
snp818,1.2832225238336163e-12,true,true
snp819,0.9998745318032745,false,false
snp820,0.44791140162510445,false,false
snp821,0.011973592813417467,false,false
snp822,1.1966844508447905e-21,true,true
snp823,0.9999999831035998,false,false
snp824,1.6884654800254728e-05,false,false
snp825,3.149983918854662e-07,false,false
snp826,2.336035361513084e-06,false,false
snp827,0.9999987166063176,false,false
snp828,0.9999999566193448,false,false
snp829,0.7066932704516597,false,false
snp830,1.1397043023094257e-19,true,true
snp831,0.9999999999860821,false,false
snp832,0.9153849855806365,false,false
snp833,0.4598270767651599,false,false
snp834,1.0105654905707408e-12,true,true
snp835,0.9999999997540513,false,false
snp836,0.9990989686990203,false,false
snp837,0.00574259955491469,false,false
snp838,8.178917286523233e-27,true,true
snp839,9.578327020389128e-06,false,false
snp840,6.92869722065385e-07,false,false
snp841,0.9999993771678075,false,false
snp842,0.9999999476382911,false,false
snp843,0.999907939331601,false,false
snp844,0.00028500874029672676,false,false
snp845,0.30539661534519114,false,false
snp846,0.017830692483367567,false,false
snp847,0.9895052410218325,false,false
snp848,0.9999999999987595,false,false
snp849,1.853222959820392e-21,true,true
snp850,1.4278643941546711e-12,true,true
snp851,0.6833660309866194,false,false
snp852,1.0,false,false
snp853,5.9231252712508355e-09,true,false
snp854,0.9999972798042192,false,false
snp855,0.05980941552606836,false,false
snp856,0.2934440613997608,false,false
snp857,0.9868468265773653,false,false
snp858,2.1674862908599884e-13,true,true
snp859,0.8273587711659733,false,false
snp860,0.9901164587079608,false,false
snp861,4.6378812701498196e-05,false,false
snp862,0.9985526227245202,false,false
snp863,0.9999054546114605,false,false
snp864,0.34294999204100324,false,false
snp865,1.0,false,false
snp866,0.4235973933241598,false,false
snp867,0.9984677241842786,false,false
snp868,0.0002959215308582346,false,false
snp869,5.349576399996073e-08,false,false
snp870,0.8278752649952769,false,false
snp871,0.9986280791735774,false,false
snp872,6.402397284934981e-07,false,false
snp873,0.9999999999621603,false,false
snp874,0.9984399592717162,false,false
snp875,0.011382156805901192,false,false
snp876,5.335620152589194e-29,true,true
snp877,0.5248784250913139,false,false
snp878,0.00028491909059911644,false,false
snp879,0.9745106098211722,false,false
snp880,7.259509781050807e-06,false,false
snp881,2.0143185112898908e-15,true,true
snp882,0.9996729232585151,false,false
snp883,0.9831425658784538,false,false
snp884,4.154637023628951e-05,false,false
snp885,0.9999936344212219,false,false
snp886,0.9279564407251376,false,false
snp887,1.1991553222370776e-15,true,true
snp888,0.0014078148207175196,false,false
snp889,0.9999999999230631,false,false
snp890,3.842996469690372e-14,true,true
snp891,0.9999995030946596,false,false
snp892,0.9999999733651143,false,false
snp893,0.5846652882494406,false,false
snp894,0.9999999988272943,false,false
snp895,2.7190514598789115e-16,true,true
snp896,0.9999999999999999,false,false
snp897,1.6578691117636825e-06,false,false
snp898,0.9999999864857246,false,false
snp899,5.992308111147498e-06,false,false
snp900,0.9999996914553797,false,false
snp901,6.277281992605547e-13,true,true
snp902,7.259509781050807e-06,false,false
snp903,0.09198603280675997,false,false
snp904,0.9999974905512087,false,false
snp905,1.7647063850860088e-06,false,false
snp906,0.19730903583602208,false,false
snp907,0.0017236438620822912,false,false
snp908,0.3793852738666459,false,false
snp909,3.931010135507129e-09,true,false
snp910,0.9478044775666857,false,false
snp911,0.0009892531678742105,false,false
snp912,1.0,false,false
snp913,0.9999972798042192,false,false
snp914,0.9999999917573824,false,false
snp915,0.15532791000741433,false,false
snp916,0.008400420698353653,false,false
snp917,0.9999999997540513,false,false
snp918,0.38243316604578687,false,false
snp919,0.9798225889101191,false,false
snp920,6.909969463444057e-08,false,false
snp921,0.9999999999999994,false,false
snp922,0.5218487892941149,false,false
snp923,1.0,false,false
snp924,0.4780103503720294,false,false
snp925,1.0,false,false
snp926,0.9083596867024721,false,false
snp927,0.9999999999964247,false,false
snp928,0.020338034176267776,false,false
snp929,0.9999980868966053,false,false
snp930,0.9998783385634505,false,false
snp931,1.0,false,false
snp932,0.8390018758470221,false,false
snp933,8.414026390334424e-05,false,false
snp934,0.34294999204100324,false,false
snp935,0.9848349529204049,false,false
snp936,4.339776306147787e-18,true,true
snp937,0.7632966516260478,false,false
snp938,0.9998688094598662,false,false
snp939,0.5216476737759109,false,false
snp940,0.7823423981809272,false,false
snp941,0.9999944266649967,false,false
snp942,0.8394263515999553,false,false
snp943,0.9999303054644946,false,false
snp944,7.491371987466332e-10,true,false
snp945,0.33890882935154387,false,false
snp946,0.4726298891599715,false,false
snp947,0.9999977021193293,false,false
snp948,0.988230245092961,false,false
snp949,0.015080601744367391,false,false
snp950,1.1837727297754574e-19,true,true
snp951,0.0010862670039076578,false,false
snp952,0.999999997638244,false,false
snp953,0.0005859105143880564,false,false
snp954,0.0019198901138109876,false,false
snp955,0.9999999999999911,false,false
snp956,9.595321858252362e-05,false,false
snp957,0.9999996502109542,false,false
snp958,1.0534191183446638e-07,false,false
snp959,0.7075688813498018,false,false
snp960,0.5243965563577281,false,false
snp961,0.9999998709401325,false,false
snp962,5.893468934642949e-14,true,true
snp963,4.439570512443742e-09,true,false
snp964,1.821568482789796e-09,true,false
snp965,0.9999999987890801,false,false
snp966,1.7327524063348556e-11,true,true
snp967,0.9994682284525734,false,false
snp968,3.048486061673981e-12,true,true
snp969,8.661930180742994e-10,true,false
snp970,1.2056273101039443e-11,true,true
snp971,0.05835738954485671,false,false
snp972,2.685317065210561e-06,false,false
snp973,1.2314954846854388e-05,false,false
snp974,0.5221652599264563,false,false
snp975,3.0149799965410717e-34,true,true
snp976,0.20597322312826907,false,false
snp977,0.05290070161155215,false,false
snp978,0.2265668676773743,false,false
snp979,0.9709623856376106,false,false
snp980,2.1749036463119002e-24,true,true
snp981,0.9999991412323752,false,false
snp982,0.9999983499910282,false,false
snp983,0.23670334837395204,false,false
snp984,1.0740050508933512e-10,true,false
snp985,4.876694009169798e-29,true,true
snp986,0.32447528160993094,false,false
snp987,1.7909239216735197e-07,false,false
snp988,0.9999999997896277,false,false
snp989,0.033932746664983936,false,false
snp990,0.02710575289167782,false,false
snp991,1.0,false,false
snp992,0.9124093290903555,false,false
snp993,0.99999999998985,false,false
snp994,0.4598270767651599,false,false
snp995,1.0,false,false
snp996,0.9999997165735708,false,false
snp997,0.008777260503480365,false,false
snp998,0.9999999983154298,false,false
snp999,8.587676247896871e-07,false,false
